Workbook

Sheet Destinos
A1: ID | B1: Ciudad | C1: País | D1: Aeropuerto | E1: Mejor época | F1: Descripción | H1: Cómo leer esta hoja
A2: 1 | B2: Madrid | C2: España | D2: MAD | E2: Primavera y otoño | F2: Museos como el Prado, el parque del Retiro y una vida de barrio que no para hasta tarde. | H2: Esta es una TABLA: cada columna es un dato y cada fila es un destino. El ID es único y no se repite: sirve para conectar esta hoja con la hoja Vuelos.
A3: 2 | B3: Barcelona | C3: España | D3: BCN | E3: Mayo, junio y septiembre | F3: Arquitectura de Gaudí, playa urbana y buena comida en pocos kilómetros.
A4: 3 | B4: Sevilla | C4: España | D4: SVQ | E4: De marzo a mayo (el verano es muy caluroso) | F4: El Real Alcázar, la catedral y las calles del barrio de Santa Cruz, con aire andaluz.
A5: 4 | B5: Ciudad de México | C5: México | D5: MEX | E5: De noviembre a abril (época seca) | F5: Centro histórico, museos y una de las cocinas más variadas de América.
A6: 5 | B6: Cancún | C6: México | D6: CUN | E6: De diciembre a abril | F6: Playas del Caribe, arrecifes y excursiones a sitios mayas cercanos.
A7: 6 | B7: Cartagena de Indias | C7: Colombia | D7: CTG | E7: De diciembre a marzo (época seca) | F7: Ciudad amurallada, calles coloniales y atardeceres frente al mar.

Sheet Vuelos
A1: ID | B1: ID_Destino | C1: Ruta | D1: Ciudad | E1: Precio (USD) | G1: Cómo leer esta hoja
A2: 1 | B2: 1 | C2: ="SAL → "&INDEX(Destinos!$D$2:$D$7,MATCH(B2,Destinos!$A$2:$A$7,0)) -> SAL → MAD | D2: =INDEX(Destinos!$B$2:$B$7,MATCH(B2,Destinos!$A$2:$A$7,0)) -> Madrid | E2: 850 | G2: ID_Destino conecta cada vuelo con la hoja Destinos (eso se llama relación). Ruta y Ciudad se buscan solos con fórmulas. Si cambias un precio (letra azul), el Cotizador se actualiza.
A3: 2 | B3: 2 | C3: ="SAL → "&INDEX(Destinos!$D$2:$D$7,MATCH(B3,Destinos!$A$2:$A$7,0)) -> SAL → BCN | D3: =INDEX(Destinos!$B$2:$B$7,MATCH(B3,Destinos!$A$2:$A$7,0)) -> Barcelona | E3: 900 | G3: Los precios son de EJEMPLO, puestos para practicar. No son tarifas reales.
A4: 3 | B4: 3 | C4: ="SAL → "&INDEX(Destinos!$D$2:$D$7,MATCH(B4,Destinos!$A$2:$A$7,0)) -> SAL → SVQ | D4: =INDEX(Destinos!$B$2:$B$7,MATCH(B4,Destinos!$A$2:$A$7,0)) -> Sevilla | E4: 920
A5: 4 | B5: 4 | C5: ="SAL → "&INDEX(Destinos!$D$2:$D$7,MATCH(B5,Destinos!$A$2:$A$7,0)) -> SAL → MEX | D5: =INDEX(Destinos!$B$2:$B$7,MATCH(B5,Destinos!$A$2:$A$7,0)) -> Ciudad de México | E5: 380
A6: 5 | B6: 5 | C6: ="SAL → "&INDEX(Destinos!$D$2:$D$7,MATCH(B6,Destinos!$A$2:$A$7,0)) -> SAL → CUN | D6: =INDEX(Destinos!$B$2:$B$7,MATCH(B6,Destinos!$A$2:$A$7,0)) -> Cancún | E6: 420
A7: 6 | B7: 6 | C7: ="SAL → "&INDEX(Destinos!$D$2:$D$7,MATCH(B7,Destinos!$A$2:$A$7,0)) -> SAL → CTG | D7: =INDEX(Destinos!$B$2:$B$7,MATCH(B7,Destinos!$A$2:$A$7,0)) -> Cartagena de Indias | E7: 450

Sheet Clientes
A1: ID | B1: Nombre | C1: Correo | D1: País | F1: Cómo leer esta hoja
A2: 1 | B2: María López | C2: maria.lopez@ejemplo.com | D2: El Salvador | F2: Tabla de clientes. Los nombres y correos son de EJEMPLO (personas inventadas) para practicar.
A3: 2 | B3: Carlos Hernández | C3: carlos.hernandez@ejemplo.com | D3: El Salvador
A4: 3 | B4: Ana Martínez | C4: ana.martinez@ejemplo.com | D4: Guatemala

Sheet Reservas
A1: ID | B1: ID_Cliente | C1: ID_Vuelo | D1: Boletos | E1: Fecha | F1: Cliente | G1: Ruta | H1: Precio (USD) | I1: Total (USD) | K1: Cómo leer esta hoja
A2: 1 | B2: 1 | C2: 1 | D2: 2 | E2: 46341 | F2: =INDEX(Clientes!$B$2:$B$4,MATCH(B2,Clientes!$A$2:$A$4,0)) -> María López | G2: =INDEX(Vuelos!$C$2:$C$7,MATCH(C2,Vuelos!$A$2:$A$7,0)) -> SAL → MAD | H2: =INDEX(Vuelos!$E$2:$E$7,MATCH(C2,Vuelos!$A$2:$A$7,0)) -> 850 | I2: =H2*D2 -> 1700 | K2: Una reserva une a un cliente con un vuelo: ID_Cliente viene de la hoja Clientes e ID_Vuelo viene de la hoja Vuelos. Cliente, Ruta, Precio y Total se calculan solos con fórmulas.
A3: 2 | B3: 2 | C3: 5 | D3: 1 | E3: 46346 | F3: =INDEX(Clientes!$B$2:$B$4,MATCH(B3,Clientes!$A$2:$A$4,0)) -> Carlos Hernández | G3: =INDEX(Vuelos!$C$2:$C$7,MATCH(C3,Vuelos!$A$2:$A$7,0)) -> SAL → CUN | H3: =INDEX(Vuelos!$E$2:$E$7,MATCH(C3,Vuelos!$A$2:$A$7,0)) -> 420 | I3: =H3*D3 -> 420 | K3: Las reservas son de EJEMPLO, para practicar. La página no guarda reservas reales.
A4: 3 | B4: 3 | C4: 4 | D4: 3 | E4: 46361 | F4: =INDEX(Clientes!$B$2:$B$4,MATCH(B4,Clientes!$A$2:$A$4,0)) -> Ana Martínez | G4: =INDEX(Vuelos!$C$2:$C$7,MATCH(C4,Vuelos!$A$2:$A$7,0)) -> SAL → MEX | H4: =INDEX(Vuelos!$E$2:$E$7,MATCH(C4,Vuelos!$A$2:$A$7,0)) -> 380 | I4: =H4*D4 -> 1140
A5: 4 | B5: 1 | C5: 6 | D5: 1 | E5: 46374 | F5: =INDEX(Clientes!$B$2:$B$4,MATCH(B5,Clientes!$A$2:$A$4,0)) -> María López | G5: =INDEX(Vuelos!$C$2:$C$7,MATCH(C5,Vuelos!$A$2:$A$7,0)) -> SAL → CTG | H5: =INDEX(Vuelos!$E$2:$E$7,MATCH(C5,Vuelos!$A$2:$A$7,0)) -> 450 | I5: =H5*D5 -> 450 | K5: Total de las reservas de ejemplo (USD)
K6: =SUM(I2:I5) -> 3710

Sheet Cotizador
A1: Ruta | B1: Ciudad | C1: Precio (USD) | D1: Boletos | E1: Subtotal (USD) | G1: Cómo usarla
A2: =Vuelos!C2 -> SAL → MAD | B2: =Vuelos!D2 -> Madrid | C2: =Vuelos!E2 -> 850 | D2: 2 | E2: =C2*D2 -> 1700 | G2: Cambia solo las celdas AMARILLAS de la columna Boletos (del 0 al 9). Subtotal y Total se calculan solos.
A3: =Vuelos!C3 -> SAL → BCN | B3: =Vuelos!D3 -> Barcelona | C3: =Vuelos!E3 -> 900 | D3: 0 | E3: =C3*D3 -> 0 | G3: Ejemplo puesto: 2 boletos a Madrid y 1 a Cancún = $2,120.00. Cámbialos por los tuyos.
A4: =Vuelos!C4 -> SAL → SVQ | B4: =Vuelos!D4 -> Sevilla | C4: =Vuelos!E4 -> 920 | D4: 0 | E4: =C4*D4 -> 0
A5: =Vuelos!C5 -> SAL → MEX | B5: =Vuelos!D5 -> Ciudad de México | C5: =Vuelos!E5 -> 380 | D5: 0 | E5: =C5*D5 -> 0
A6: =Vuelos!C6 -> SAL → CUN | B6: =Vuelos!D6 -> Cancún | C6: =Vuelos!E6 -> 420 | D6: 1 | E6: =C6*D6 -> 420
A7: =Vuelos!C7 -> SAL → CTG | B7: =Vuelos!D7 -> Cartagena de Indias | C7: =Vuelos!E7 -> 450 | D7: 0 | E7: =C7*D7 -> 0
A9: TOTAL | D9: =SUM(D2:D7) -> 3 | E9: =SUM(E2:E7) -> 2120
